{
    "key": "group_67c57cc70fb09",
    "title": "Icon Text Block",
    "fields": [
        {
            "key": "field_67c57cc7de470",
            "label": "Icon",
            "name": "icon",
            "aria-label": "",
            "type": "icon_picker",
            "instructions": "Choose an icon or select one from the media library",
            "required": 0,
            "conditional_logic": 0,
            "wrapper": {
                "width": "",
                "class": "",
                "id": ""
            },
            "tabs": [
                "media_library"
            ],
            "return_format": "string",
            "allow_in_bindings": 0,
            "library": "all",
            "default_value": {
                "type": null,
                "value": null
            }
        },
        {
            "key": "field_67c57d1414c63",
            "label": "Block Title",
            "name": "block_title",
            "aria-label": "",
            "type": "text",
            "instructions": "",
            "required": 0,
            "conditional_logic": 0,
            "wrapper": {
                "width": "",
                "class": "",
                "id": ""
            },
            "default_value": "",
            "maxlength": "",
            "allow_in_bindings": 0,
            "placeholder": "",
            "prepend": "",
            "append": ""
        },
        {
            "key": "field_67c57d2214c64",
            "label": "Block Text",
            "name": "block_text",
            "aria-label": "",
            "type": "wysiwyg",
            "instructions": "",
            "required": 0,
            "conditional_logic": 0,
            "wrapper": {
                "width": "",
                "class": "",
                "id": ""
            },
            "default_value": "",
            "allow_in_bindings": 1,
            "tabs": "all",
            "toolbar": "full",
            "media_upload": 1,
            "delay": 0
        }
    ],
    "location": [
        [
            {
                "param": "block",
                "operator": "==",
                "value": "acf\/icontextblock"
            }
        ]
    ],
    "menu_order": 0,
    "position": "normal",
    "style": "default",
    "label_placement": "top",
    "instruction_placement": "label",
    "hide_on_screen": "",
    "active": true,
    "description": "",
    "show_in_rest": 0,
    "modified": 1740997112
}
