{
    "key": "group_68baa13827fe1",
    "title": "Header page",
    "fields": [
        {
            "key": "field_68baa139b15ab",
            "label": "Subtitle",
            "name": "subtitle",
            "aria-label": "",
            "type": "wysiwyg",
            "instructions": "",
            "required": 0,
            "conditional_logic": 0,
            "wrapper": {
                "width": "",
                "class": "",
                "id": ""
            },
            "default_value": "",
            "allow_in_bindings": 1,
            "tabs": "all",
            "toolbar": "full",
            "media_upload": 1,
            "delay": 0
        },
        {
            "key": "field_68bf3b07e0c78",
            "label": "Description",
            "name": "description",
            "aria-label": "",
            "type": "wysiwyg",
            "instructions": "",
            "required": 0,
            "conditional_logic": 0,
            "wrapper": {
                "width": "",
                "class": "",
                "id": ""
            },
            "default_value": "",
            "allow_in_bindings": 0,
            "tabs": "all",
            "toolbar": "full",
            "media_upload": 1,
            "delay": 0
        },
        {
            "key": "field_68e3ca2d74147",
            "label": "Buttons",
            "name": "buttons",
            "aria-label": "",
            "type": "repeater",
            "instructions": "",
            "required": 0,
            "conditional_logic": 0,
            "wrapper": {
                "width": "",
                "class": "",
                "id": ""
            },
            "layout": "table",
            "pagination": 0,
            "min": 0,
            "max": 0,
            "collapsed": "",
            "button_label": "Add Row",
            "rows_per_page": 20,
            "sub_fields": [
                {
                    "key": "field_68e3ca6774149",
                    "label": "Link",
                    "name": "link",
                    "aria-label": "",
                    "type": "link",
                    "instructions": "",
                    "required": 0,
                    "conditional_logic": 0,
                    "wrapper": {
                        "width": "",
                        "class": "",
                        "id": ""
                    },
                    "return_format": "array",
                    "allow_in_bindings": 0,
                    "parent_repeater": "field_68e3ca2d74147"
                },
                {
                    "key": "field_68e3caf9301d1",
                    "label": "Style",
                    "name": "style",
                    "aria-label": "",
                    "type": "button_group",
                    "instructions": "",
                    "required": 0,
                    "conditional_logic": 0,
                    "wrapper": {
                        "width": "",
                        "class": "",
                        "id": ""
                    },
                    "choices": {
                        "fill": "Fill",
                        "outlined": "Outlined"
                    },
                    "default_value": "",
                    "return_format": "value",
                    "allow_null": 0,
                    "allow_in_bindings": 0,
                    "layout": "horizontal",
                    "parent_repeater": "field_68e3ca2d74147"
                },
                {
                    "key": "field_68e3ccddedcf7",
                    "label": "Icon",
                    "name": "icon",
                    "aria-label": "",
                    "type": "font-awesome",
                    "instructions": "",
                    "required": 0,
                    "conditional_logic": 0,
                    "wrapper": {
                        "width": "",
                        "class": "",
                        "id": ""
                    },
                    "icon_sets": [
                        "solid",
                        "regular",
                        "brands"
                    ],
                    "custom_icon_set": "",
                    "default_label": "",
                    "default_value": "",
                    "save_format": "element",
                    "allow_null": 0,
                    "show_preview": 1,
                    "enqueue_fa": 0,
                    "allow_in_bindings": 1,
                    "fa_live_preview": "",
                    "choices": [],
                    "parent_repeater": "field_68e3ca2d74147"
                }
            ]
        }
    ],
    "location": [
        [
            {
                "param": "post_type",
                "operator": "==",
                "value": "page"
            }
        ],
        [
            {
                "param": "post_type",
                "operator": "!=",
                "value": "sector"
            }
        ],
        [
            {
                "param": "post_type",
                "operator": "!=",
                "value": "fixed-job"
            }
        ],
        [
            {
                "param": "post_type",
                "operator": "!=",
                "value": "job"
            }
        ],
        [
            {
                "param": "post_type",
                "operator": "!=",
                "value": "testimonials"
            }
        ],
        [
            {
                "param": "post_type",
                "operator": "!=",
                "value": "project-showcase"
            }
        ]
    ],
    "menu_order": 0,
    "position": "normal",
    "style": "default",
    "label_placement": "top",
    "instruction_placement": "label",
    "hide_on_screen": "",
    "active": true,
    "description": "",
    "show_in_rest": 0,
    "modified": 1759759671
}
