{
    "key": "post_type_67c5b643501b8",
    "title": "Project Showcase",
    "menu_order": 0,
    "active": true,
    "post_type": "project-showcase",
    "advanced_configuration": true,
    "import_source": "",
    "import_date": "",
    "labels": {
        "name": "Project Showcase",
        "singular_name": "Project Showcase",
        "menu_name": "Project Showcase",
        "all_items": "All Project Showcase",
        "edit_item": "Edit Project Showcase",
        "view_item": "View Project Showcase",
        "view_items": "View Project Showcase",
        "add_new_item": "Add New Project Showcase",
        "add_new": "Add New Project Showcase",
        "new_item": "New Project Showcase",
        "parent_item_colon": "Parent Project Showcase:",
        "search_items": "Search Project Showcase",
        "not_found": "No project showcase found",
        "not_found_in_trash": "No project showcase found in the bin",
        "archives": "Project Showcase Archives",
        "attributes": "Project Showcase Attributes",
        "featured_image": "",
        "set_featured_image": "",
        "remove_featured_image": "",
        "use_featured_image": "",
        "insert_into_item": "Insert into project showcase",
        "uploaded_to_this_item": "Uploaded to this project showcase",
        "filter_items_list": "Filter project showcase list",
        "filter_by_date": "Filter project showcase by date",
        "items_list_navigation": "Project Showcase list navigation",
        "items_list": "Project Showcase list",
        "item_published": "Project Showcase published.",
        "item_published_privately": "Project Showcase published privately.",
        "item_reverted_to_draft": "Project Showcase reverted to draft.",
        "item_scheduled": "Project Showcase scheduled.",
        "item_updated": "Project Showcase updated.",
        "item_link": "Project Showcase Link",
        "item_link_description": "A link to a project showcase."
    },
    "description": "",
    "public": true,
    "hierarchical": false,
    "exclude_from_search": false,
    "publicly_queryable": true,
    "show_ui": true,
    "show_in_menu": true,
    "admin_menu_parent": "",
    "show_in_admin_bar": true,
    "show_in_nav_menus": true,
    "show_in_rest": true,
    "rest_base": "",
    "rest_namespace": "wp\/v2",
    "rest_controller_class": "WP_REST_Posts_Controller",
    "menu_position": "",
    "menu_icon": {
        "type": "dashicons",
        "value": "dashicons-book"
    },
    "rename_capabilities": false,
    "singular_capability_name": "post",
    "plural_capability_name": "posts",
    "supports": [
        "title",
        "editor",
        "thumbnail",
        "custom-fields"
    ],
    "taxonomies": "",
    "has_archive": false,
    "has_archive_slug": "",
    "rewrite": {
        "permalink_rewrite": "post_type_key",
        "with_front": "1",
        "feeds": "0",
        "pages": "1"
    },
    "query_var": "post_type_key",
    "query_var_name": "",
    "can_export": true,
    "delete_with_user": false,
    "register_meta_box_cb": "",
    "enter_title_here": "",
    "modified": 1741010560
}
