{
    "key": "post_type_67d03e5745198",
    "title": "Meet the Team",
    "menu_order": 0,
    "active": true,
    "post_type": "consultants",
    "advanced_configuration": true,
    "import_source": "",
    "import_date": "",
    "labels": {
        "name": "Meet the Team",
        "singular_name": "Meet the Team",
        "menu_name": "Meet the Team",
        "all_items": "All Meet the Team",
        "edit_item": "Edit Meet the Team",
        "view_item": "View Meet the Team",
        "view_items": "View Meet the Team",
        "add_new_item": "Add New Meet the Team",
        "add_new": "Add New Meet the Team",
        "new_item": "New Meet the Team",
        "parent_item_colon": "Parent Meet the Team:",
        "search_items": "Search Meet the Team",
        "not_found": "No meet the team found",
        "not_found_in_trash": "No meet the team found in the bin",
        "archives": "Meet the Team Archives",
        "attributes": "Meet the Team Attributes",
        "featured_image": "",
        "set_featured_image": "",
        "remove_featured_image": "",
        "use_featured_image": "",
        "insert_into_item": "Insert into meet the team",
        "uploaded_to_this_item": "Uploaded to this meet the team",
        "filter_items_list": "Filter meet the team list",
        "filter_by_date": "Filter meet the team by date",
        "items_list_navigation": "Meet the Team list navigation",
        "items_list": "Meet the Team list",
        "item_published": "Meet the Team published.",
        "item_published_privately": "Meet the Team published privately.",
        "item_reverted_to_draft": "Meet the Team reverted to draft.",
        "item_scheduled": "Meet the Team scheduled.",
        "item_updated": "Meet the Team updated.",
        "item_link": "Meet the Team Link",
        "item_link_description": "A link to a meet the team."
    },
    "description": "",
    "public": true,
    "hierarchical": false,
    "exclude_from_search": false,
    "publicly_queryable": true,
    "show_ui": true,
    "show_in_menu": true,
    "admin_menu_parent": "",
    "show_in_admin_bar": true,
    "show_in_nav_menus": true,
    "show_in_rest": true,
    "rest_base": "",
    "rest_namespace": "wp\/v2",
    "rest_controller_class": "WP_REST_Posts_Controller",
    "menu_position": "",
    "menu_icon": {
        "type": "dashicons",
        "value": "dashicons-businessman"
    },
    "rename_capabilities": false,
    "singular_capability_name": "post",
    "plural_capability_name": "posts",
    "supports": [
        "title",
        "editor",
        "thumbnail",
        "custom-fields"
    ],
    "taxonomies": "",
    "has_archive": false,
    "has_archive_slug": "",
    "rewrite": {
        "permalink_rewrite": "post_type_key",
        "with_front": "1",
        "feeds": "0",
        "pages": "1"
    },
    "query_var": "post_type_key",
    "query_var_name": "",
    "can_export": true,
    "delete_with_user": false,
    "register_meta_box_cb": "",
    "enter_title_here": "",
    "modified": 1741700757
}
