{
    "key": "post_type_67c7521dcb54f",
    "title": "Jobs",
    "menu_order": 0,
    "active": true,
    "post_type": "job",
    "advanced_configuration": true,
    "import_source": "",
    "import_date": "",
    "labels": {
        "name": "Jobs",
        "singular_name": "Job",
        "menu_name": "Jobs",
        "all_items": "All Jobs",
        "edit_item": "Edit Job",
        "view_item": "View Job",
        "view_items": "View Jobs",
        "add_new_item": "Add New Job",
        "add_new": "Add New Job",
        "new_item": "New Job",
        "parent_item_colon": "Parent Job:",
        "search_items": "Search Jobs",
        "not_found": "No jobs found",
        "not_found_in_trash": "No jobs found in the bin",
        "archives": "Job Archives",
        "attributes": "Job Attributes",
        "featured_image": "",
        "set_featured_image": "",
        "remove_featured_image": "",
        "use_featured_image": "",
        "insert_into_item": "Insert into job",
        "uploaded_to_this_item": "Uploaded to this job",
        "filter_items_list": "Filter jobs list",
        "filter_by_date": "Filter jobs by date",
        "items_list_navigation": "Jobs list navigation",
        "items_list": "Jobs list",
        "item_published": "Job published.",
        "item_published_privately": "Job published privately.",
        "item_reverted_to_draft": "Job reverted to draft.",
        "item_scheduled": "Job scheduled.",
        "item_updated": "Job updated.",
        "item_link": "Job Link",
        "item_link_description": "A link to a job."
    },
    "description": "",
    "public": true,
    "hierarchical": false,
    "exclude_from_search": false,
    "publicly_queryable": true,
    "show_ui": true,
    "show_in_menu": true,
    "admin_menu_parent": "",
    "show_in_admin_bar": true,
    "show_in_nav_menus": true,
    "show_in_rest": true,
    "rest_base": "",
    "rest_namespace": "wp\/v2",
    "rest_controller_class": "WP_REST_Posts_Controller",
    "menu_position": "",
    "menu_icon": {
        "type": "dashicons",
        "value": "dashicons-admin-users"
    },
    "rename_capabilities": false,
    "singular_capability_name": "post",
    "plural_capability_name": "posts",
    "supports": [
        "title",
        "editor",
        "custom-fields"
    ],
    "taxonomies": "",
    "has_archive": true,
    "has_archive_slug": "jobs",
    "rewrite": {
        "permalink_rewrite": "post_type_key",
        "with_front": "1",
        "feeds": "1",
        "pages": "1"
    },
    "query_var": "post_type_key",
    "query_var_name": "",
    "can_export": true,
    "delete_with_user": false,
    "register_meta_box_cb": "",
    "enter_title_here": "",
    "modified": 1741115973
}
