{
    "key": "post_type_685e932700872",
    "title": "Fixed Jobs",
    "menu_order": 0,
    "active": true,
    "post_type": "fixed-job",
    "advanced_configuration": true,
    "import_source": "",
    "import_date": "",
    "labels": {
        "name": "Fixed Jobs",
        "singular_name": "Fixed Job",
        "menu_name": "Fixed Jobs",
        "all_items": "All Fixed Jobs",
        "edit_item": "Edit Fixed Job",
        "view_item": "View Fixed Job",
        "view_items": "View Fixed Jobs",
        "add_new_item": "Add New Fixed Job",
        "add_new": "Add New Fixed Job",
        "new_item": "New Fixed Job",
        "parent_item_colon": "Parent Fixed Job:",
        "search_items": "Search Fixed Jobs",
        "not_found": "No fixed jobs found",
        "not_found_in_trash": "No fixed jobs found in Trash",
        "archives": "Fixed Job Archives",
        "attributes": "Fixed Job Attributes",
        "featured_image": "",
        "set_featured_image": "",
        "remove_featured_image": "",
        "use_featured_image": "",
        "insert_into_item": "Insert into fixed job",
        "uploaded_to_this_item": "Uploaded to this fixed job",
        "filter_items_list": "Filter fixed jobs list",
        "filter_by_date": "Filter fixed jobs by date",
        "items_list_navigation": "Fixed Jobs list navigation",
        "items_list": "Fixed Jobs list",
        "item_published": "Fixed Job published.",
        "item_published_privately": "Fixed Job published privately.",
        "item_reverted_to_draft": "Fixed Job reverted to draft.",
        "item_scheduled": "Fixed Job scheduled.",
        "item_updated": "Fixed Job updated.",
        "item_link": "Fixed Job Link",
        "item_link_description": "A link to a fixed job."
    },
    "description": "",
    "public": true,
    "hierarchical": false,
    "exclude_from_search": false,
    "publicly_queryable": true,
    "show_ui": true,
    "show_in_menu": true,
    "admin_menu_parent": "",
    "show_in_admin_bar": true,
    "show_in_nav_menus": true,
    "show_in_rest": true,
    "rest_base": "",
    "rest_namespace": "wp\/v2",
    "rest_controller_class": "WP_REST_Posts_Controller",
    "menu_position": "",
    "menu_icon": {
        "type": "dashicons",
        "value": "dashicons-businessperson"
    },
    "rename_capabilities": false,
    "singular_capability_name": "post",
    "plural_capability_name": "posts",
    "supports": [
        "title",
        "editor",
        "thumbnail",
        "custom-fields"
    ],
    "taxonomies": "",
    "has_archive": false,
    "has_archive_slug": "",
    "rewrite": {
        "permalink_rewrite": "post_type_key",
        "with_front": "1",
        "feeds": "0",
        "pages": "1"
    },
    "query_var": "post_type_key",
    "query_var_name": "",
    "can_export": true,
    "delete_with_user": false,
    "register_meta_box_cb": "",
    "enter_title_here": "",
    "modified": 1751028560
}
