{
    "key": "post_type_682c46b07658c",
    "title": "Logo Testimonials",
    "menu_order": 0,
    "active": true,
    "post_type": "testimonials",
    "advanced_configuration": true,
    "import_source": "",
    "import_date": "",
    "labels": {
        "name": "Logo Testimonials",
        "singular_name": "Testimonials",
        "menu_name": "Logo Testimonials",
        "all_items": "All Logo Testimonials",
        "edit_item": "Edit Testimonials",
        "view_item": "View Testimonials",
        "view_items": "View Logo Testimonials",
        "add_new_item": "Add New Testimonials",
        "add_new": "Add New Testimonials",
        "new_item": "New Testimonials",
        "parent_item_colon": "Parent Testimonials:",
        "search_items": "Search Logo Testimonials",
        "not_found": "No logo testimonials found",
        "not_found_in_trash": "No logo testimonials found in Trash",
        "archives": "Testimonials Archives",
        "attributes": "Testimonials Attributes",
        "featured_image": "",
        "set_featured_image": "",
        "remove_featured_image": "",
        "use_featured_image": "",
        "insert_into_item": "Insert into testimonials",
        "uploaded_to_this_item": "Uploaded to this testimonials",
        "filter_items_list": "Filter logo testimonials list",
        "filter_by_date": "Filter logo testimonials by date",
        "items_list_navigation": "Logo Testimonials list navigation",
        "items_list": "Logo Testimonials list",
        "item_published": "Testimonials published.",
        "item_published_privately": "Testimonials published privately.",
        "item_reverted_to_draft": "Testimonials reverted to draft.",
        "item_scheduled": "Testimonials scheduled.",
        "item_updated": "Testimonials updated.",
        "item_link": "Testimonials Link",
        "item_link_description": "A link to a testimonials."
    },
    "description": "",
    "public": true,
    "hierarchical": false,
    "exclude_from_search": false,
    "publicly_queryable": true,
    "show_ui": true,
    "show_in_menu": true,
    "admin_menu_parent": "",
    "show_in_admin_bar": true,
    "show_in_nav_menus": true,
    "show_in_rest": true,
    "rest_base": "",
    "rest_namespace": "wp\/v2",
    "rest_controller_class": "WP_REST_Posts_Controller",
    "menu_position": "",
    "menu_icon": {
        "type": "dashicons",
        "value": "dashicons-testimonial"
    },
    "rename_capabilities": false,
    "singular_capability_name": "post",
    "plural_capability_name": "posts",
    "supports": [
        "title",
        "editor",
        "thumbnail",
        "custom-fields"
    ],
    "taxonomies": [
        "job-sector"
    ],
    "has_archive": false,
    "has_archive_slug": "",
    "rewrite": {
        "permalink_rewrite": "post_type_key",
        "with_front": "1",
        "feeds": "0",
        "pages": "1"
    },
    "query_var": "post_type_key",
    "query_var_name": "",
    "can_export": true,
    "delete_with_user": false,
    "register_meta_box_cb": "",
    "enter_title_here": "",
    "modified": 1759226821
}
