{
    "key": "taxonomy_682c475a8ca96",
    "title": "Testimonial Categories",
    "menu_order": 0,
    "active": true,
    "taxonomy": "testimonial-category",
    "object_type": [
        "testimonials"
    ],
    "advanced_configuration": 0,
    "import_source": "",
    "import_date": "",
    "labels": {
        "name": "Testimonial Categories",
        "singular_name": "Testimonial Category",
        "menu_name": "Testimonial Categories",
        "all_items": "All Testimonial Categories",
        "edit_item": "Edit Testimonial Category",
        "view_item": "View Testimonial Category",
        "update_item": "Update Testimonial Category",
        "add_new_item": "Add New Testimonial Category",
        "new_item_name": "New Testimonial Category Name",
        "search_items": "Search Testimonial Categories",
        "popular_items": "Popular Testimonial Categories",
        "separate_items_with_commas": "Separate testimonial categories with commas",
        "add_or_remove_items": "Add or remove testimonial categories",
        "choose_from_most_used": "Choose from the most used testimonial categories",
        "most_used": "",
        "not_found": "No testimonial categories found",
        "no_terms": "No testimonial categories",
        "name_field_description": "",
        "slug_field_description": "",
        "desc_field_description": "",
        "items_list_navigation": "Testimonial Categories list navigation",
        "items_list": "Testimonial Categories list",
        "back_to_items": "← Go to testimonial categories",
        "item_link": "Testimonial Category Link",
        "item_link_description": "A link to a testimonial category"
    },
    "description": "",
    "capabilities": {
        "manage_terms": "manage_categories",
        "edit_terms": "manage_categories",
        "delete_terms": "manage_categories",
        "assign_terms": "edit_posts"
    },
    "public": 1,
    "publicly_queryable": 1,
    "hierarchical": 0,
    "show_ui": 1,
    "show_in_menu": 1,
    "show_in_nav_menus": 1,
    "show_in_rest": 1,
    "rest_base": "",
    "rest_namespace": "wp\/v2",
    "rest_controller_class": "WP_REST_Terms_Controller",
    "show_tagcloud": 1,
    "show_in_quick_edit": 1,
    "show_admin_column": 0,
    "rewrite": {
        "permalink_rewrite": "taxonomy_key",
        "with_front": "1",
        "rewrite_hierarchical": "0"
    },
    "query_var": "post_type_key",
    "query_var_name": "",
    "default_term": {
        "default_term_enabled": "0"
    },
    "sort": 0,
    "meta_box": "default",
    "meta_box_cb": "",
    "meta_box_sanitize_cb": "",
    "modified": 1747732345
}
