{
    "key": "taxonomy_67c83277d4c48",
    "title": "Job Sectors",
    "menu_order": 0,
    "active": true,
    "taxonomy": "job-sector",
    "object_type": [
        "job"
    ],
    "advanced_configuration": 0,
    "import_source": "",
    "import_date": "",
    "labels": {
        "name": "Job Sectors",
        "singular_name": "Job Sector",
        "menu_name": "Job Sectors",
        "all_items": "All Job Sectors",
        "edit_item": "Edit Job Sector",
        "view_item": "View Job Sector",
        "update_item": "Update Job Sector",
        "add_new_item": "Add New Job Sector",
        "new_item_name": "New Job Sector Name",
        "search_items": "Search Job Sectors",
        "popular_items": "Popular Job Sectors",
        "separate_items_with_commas": "Separate job sectors with commas",
        "add_or_remove_items": "Add or remove job sectors",
        "choose_from_most_used": "Choose from the most used job sectors",
        "most_used": "",
        "not_found": "No job sectors found",
        "no_terms": "No job sectors",
        "name_field_description": "",
        "slug_field_description": "",
        "desc_field_description": "",
        "items_list_navigation": "Job Sectors list navigation",
        "items_list": "Job Sectors list",
        "back_to_items": "← Go to job sectors",
        "item_link": "Job Sector Link",
        "item_link_description": "A link to a job sector"
    },
    "description": "",
    "capabilities": {
        "manage_terms": "manage_categories",
        "edit_terms": "manage_categories",
        "delete_terms": "manage_categories",
        "assign_terms": "edit_posts"
    },
    "public": 1,
    "publicly_queryable": 1,
    "hierarchical": 0,
    "show_ui": 1,
    "show_in_menu": 1,
    "show_in_nav_menus": 1,
    "show_in_rest": 1,
    "rest_base": "",
    "rest_namespace": "wp\/v2",
    "rest_controller_class": "WP_REST_Terms_Controller",
    "show_tagcloud": 1,
    "show_in_quick_edit": 1,
    "show_admin_column": 0,
    "rewrite": {
        "permalink_rewrite": "taxonomy_key",
        "with_front": "1",
        "rewrite_hierarchical": "0"
    },
    "query_var": "post_type_key",
    "query_var_name": "",
    "default_term": {
        "default_term_enabled": "0"
    },
    "sort": 0,
    "meta_box": "default",
    "meta_box_cb": "",
    "meta_box_sanitize_cb": "",
    "modified": 1741173382
}
