{
    "key": "taxonomy_67c98f87c5b06",
    "title": "Project Sectors",
    "menu_order": 0,
    "active": true,
    "taxonomy": "project-sector",
    "object_type": [
        "project-showcase"
    ],
    "advanced_configuration": 0,
    "import_source": "",
    "import_date": "",
    "labels": {
        "name": "Project Sectors",
        "singular_name": "Project Sector",
        "menu_name": "Project Sectors",
        "all_items": "All Project Sectors",
        "edit_item": "Edit Project Sector",
        "view_item": "View Project Sector",
        "update_item": "Update Project Sector",
        "add_new_item": "Add New Project Sector",
        "new_item_name": "New Project Sector Name",
        "search_items": "Search Project Sectors",
        "popular_items": "Popular Project Sectors",
        "separate_items_with_commas": "Separate project sectors with commas",
        "add_or_remove_items": "Add or remove project sectors",
        "choose_from_most_used": "Choose from the most used project sectors",
        "most_used": "",
        "not_found": "No project sectors found",
        "no_terms": "No project sectors",
        "name_field_description": "",
        "slug_field_description": "",
        "desc_field_description": "",
        "items_list_navigation": "Project Sectors list navigation",
        "items_list": "Project Sectors list",
        "back_to_items": "← Go to project sectors",
        "item_link": "Project Sector Link",
        "item_link_description": "A link to a project sector"
    },
    "description": "",
    "capabilities": {
        "manage_terms": "manage_categories",
        "edit_terms": "manage_categories",
        "delete_terms": "manage_categories",
        "assign_terms": "edit_posts"
    },
    "public": 1,
    "publicly_queryable": 1,
    "hierarchical": 0,
    "show_ui": 1,
    "show_in_menu": 1,
    "show_in_nav_menus": 1,
    "show_in_rest": 1,
    "rest_base": "",
    "rest_namespace": "wp\/v2",
    "rest_controller_class": "WP_REST_Terms_Controller",
    "show_tagcloud": 1,
    "show_in_quick_edit": 1,
    "show_admin_column": 0,
    "rewrite": {
        "permalink_rewrite": "taxonomy_key",
        "with_front": "1",
        "rewrite_hierarchical": "0"
    },
    "query_var": "post_type_key",
    "query_var_name": "",
    "default_term": {
        "default_term_enabled": "0"
    },
    "sort": 0,
    "meta_box": "default",
    "meta_box_cb": "",
    "meta_box_sanitize_cb": "",
    "modified": 1741262741
}
