{
    "key": "taxonomy_68b6ec00b41f6",
    "title": "Sector Categories",
    "menu_order": 0,
    "active": true,
    "taxonomy": "sector-category",
    "object_type": [
        "sector"
    ],
    "advanced_configuration": 0,
    "import_source": "",
    "import_date": "",
    "labels": {
        "name": "Sector Categories",
        "singular_name": "Sector Category",
        "menu_name": "Sector Category",
        "all_items": "All Sector Category",
        "edit_item": "Edit Sector Category",
        "view_item": "View Sector Category",
        "update_item": "Update Sector Category",
        "add_new_item": "Add New Sector Category",
        "new_item_name": "New Sector Category Name",
        "search_items": "Search Sector Category",
        "popular_items": "Popular Sector Category",
        "separate_items_with_commas": "Separate sector category with commas",
        "add_or_remove_items": "Add or remove sector category",
        "choose_from_most_used": "Choose from the most used sector category",
        "most_used": "",
        "not_found": "No sector category found",
        "no_terms": "No sector category",
        "name_field_description": "",
        "slug_field_description": "",
        "desc_field_description": "",
        "items_list_navigation": "Sector Category list navigation",
        "items_list": "Sector Category list",
        "back_to_items": "← Go to sector category",
        "item_link": "Sector Category Link",
        "item_link_description": "A link to a sector category"
    },
    "description": "",
    "capabilities": {
        "manage_terms": "manage_categories",
        "edit_terms": "manage_categories",
        "delete_terms": "manage_categories",
        "assign_terms": "edit_posts"
    },
    "public": 1,
    "publicly_queryable": 1,
    "hierarchical": 0,
    "show_ui": 1,
    "show_in_menu": 1,
    "show_in_nav_menus": 1,
    "show_in_rest": 1,
    "rest_base": "",
    "rest_namespace": "wp\/v2",
    "rest_controller_class": "WP_REST_Terms_Controller",
    "show_tagcloud": 1,
    "show_in_quick_edit": 1,
    "show_admin_column": 0,
    "rewrite": {
        "permalink_rewrite": "taxonomy_key",
        "with_front": "1",
        "rewrite_hierarchical": "0"
    },
    "query_var": "post_type_key",
    "query_var_name": "",
    "default_term": {
        "default_term_enabled": "0"
    },
    "sort": 0,
    "meta_box": "default",
    "meta_box_cb": "",
    "meta_box_sanitize_cb": "",
    "modified": 1756818476
}
