{
    "key": "taxonomy_67c75a9110eb4",
    "title": "Job Types",
    "menu_order": 0,
    "active": true,
    "taxonomy": "job-type",
    "object_type": [
        "job"
    ],
    "advanced_configuration": 0,
    "import_source": "",
    "import_date": "",
    "labels": {
        "name": "Job Types",
        "singular_name": "Job Type",
        "menu_name": "Job Types",
        "all_items": "All Job Types",
        "edit_item": "Edit Job Type",
        "view_item": "View Job Type",
        "update_item": "Update Job Type",
        "add_new_item": "Add New Job Type",
        "new_item_name": "New Job Type Name",
        "search_items": "Search Job Types",
        "popular_items": "Popular Job Types",
        "separate_items_with_commas": "Separate job types with commas",
        "add_or_remove_items": "Add or remove job types",
        "choose_from_most_used": "Choose from the most used job types",
        "most_used": "",
        "not_found": "No job types found",
        "no_terms": "No job types",
        "name_field_description": "",
        "slug_field_description": "",
        "desc_field_description": "",
        "items_list_navigation": "Job Types list navigation",
        "items_list": "Job Types list",
        "back_to_items": "← Go to job types",
        "item_link": "Job Type Link",
        "item_link_description": "A link to a job type"
    },
    "description": "",
    "capabilities": {
        "manage_terms": "manage_categories",
        "edit_terms": "manage_categories",
        "delete_terms": "manage_categories",
        "assign_terms": "edit_posts"
    },
    "public": 1,
    "publicly_queryable": 1,
    "hierarchical": 0,
    "show_ui": 1,
    "show_in_menu": 1,
    "show_in_nav_menus": 1,
    "show_in_rest": 1,
    "rest_base": "",
    "rest_namespace": "wp\/v2",
    "rest_controller_class": "WP_REST_Terms_Controller",
    "show_tagcloud": 1,
    "show_in_quick_edit": 1,
    "show_admin_column": 0,
    "rewrite": {
        "permalink_rewrite": "taxonomy_key",
        "with_front": "1",
        "rewrite_hierarchical": "0"
    },
    "query_var": "post_type_key",
    "query_var_name": "",
    "default_term": {
        "default_term_enabled": "0"
    },
    "sort": 0,
    "meta_box": "default",
    "meta_box_cb": "",
    "meta_box_sanitize_cb": "",
    "modified": 1741118104
}
