{
    "key": "taxonomy_67c756df6c5da",
    "title": "Job Categories",
    "menu_order": 0,
    "active": true,
    "taxonomy": "job-category",
    "object_type": [
        "job",
        "fixed-job"
    ],
    "advanced_configuration": 0,
    "import_source": "",
    "import_date": "",
    "labels": {
        "name": "Job Categories",
        "singular_name": "Job Category",
        "menu_name": "Job Categories",
        "all_items": "All Job Categories",
        "edit_item": "Edit Job Category",
        "view_item": "View Job Category",
        "update_item": "Update Job Category",
        "add_new_item": "Add New Job Category",
        "new_item_name": "New Job Category Name",
        "search_items": "Search Job Categories",
        "popular_items": "Popular Job Categories",
        "separate_items_with_commas": "Separate job categories with commas",
        "add_or_remove_items": "Add or remove job categories",
        "choose_from_most_used": "Choose from the most used job categories",
        "most_used": "",
        "not_found": "No job categories found",
        "no_terms": "No job categories",
        "name_field_description": "",
        "slug_field_description": "",
        "desc_field_description": "",
        "items_list_navigation": "Job Categories list navigation",
        "items_list": "Job Categories list",
        "back_to_items": "← Go to job categories",
        "item_link": "Job Category Link",
        "item_link_description": "A link to a job category"
    },
    "description": "",
    "capabilities": {
        "manage_terms": "manage_categories",
        "edit_terms": "manage_categories",
        "delete_terms": "manage_categories",
        "assign_terms": "edit_posts"
    },
    "public": 1,
    "publicly_queryable": 1,
    "hierarchical": 0,
    "show_ui": 1,
    "show_in_menu": 1,
    "show_in_nav_menus": 1,
    "show_in_rest": 1,
    "rest_base": "",
    "rest_namespace": "wp\/v2",
    "rest_controller_class": "WP_REST_Terms_Controller",
    "show_tagcloud": 1,
    "show_in_quick_edit": 1,
    "show_admin_column": 0,
    "rewrite": {
        "permalink_rewrite": "taxonomy_key",
        "with_front": "1",
        "rewrite_hierarchical": "0"
    },
    "query_var": "post_type_key",
    "query_var_name": "",
    "default_term": {
        "default_term_enabled": "0"
    },
    "sort": 0,
    "meta_box": "default",
    "meta_box_cb": "",
    "meta_box_sanitize_cb": "",
    "modified": 1751028652
}
